C,penalty,train_acc,test_acc
0.01,l2,0.8506493506493507,0.76
0.03,l2,0.8636363636363636,0.76
0.1,l2,0.8766233766233766,0.78
0.3,l2,0.8766233766233766,0.82
1.0,l2,0.8961038961038961,0.86
3.0,l2,0.9090909090909091,0.86
10.0,l2,0.9090909090909091,0.86
30.0,l2,0.9155844155844156,0.88
1.0,none,0.9285714285714286,0.9
